{
    "avg_inference_ms": 172.69732598333334,
    "chars_per_second": 173.71432840190727,
    "filename": "image_5.png",
    "fps": 5.790477613396909,
    "rec_scores": [
        0.9978997111320496,
        0.9940957427024841,
        0.9963187575340271
    ],
    "rec_texts": [
        "君缘2018",
        "私房菜",
        "TEL33636717"
    ],
    "runs": 3,
    "total_chars": 30
}