{
    "avg_inference_ms": 172.69732598333334,
    "chars_per_second": 214.24767169568563,
    "filename": "image_3.png",
    "fps": 5.790477613396909,
    "rec_scores": [
        0.9446079730987549,
        0.7079964876174927,
        0.5127288103103638,
        0.7657244205474854,
        0.354509174823761,
        0.7452426552772522,
        0.9338158369064331,
        0.995883047580719,
        0.9988698959350586
    ],
    "rec_texts": [
        "驶监车",
        "离管",
        "T",
        "&C",
        "ou",
        "S",
        "e",
        "138",
        "南塘浜路"
    ],
    "runs": 3,
    "total_chars": 37
}