{
    "avg_inference_ms": 172.69732598333334,
    "chars_per_second": 121.60002988133508,
    "filename": "image_1.png",
    "fps": 5.790477613396909,
    "rec_scores": [
        0.7572162747383118
    ],
    "rec_texts": [
        "广东省钢放研究"
    ],
    "runs": 3,
    "total_chars": 21
}