{
    "avg_inference_ms": 1532.4436666666668,
    "chars_per_second": 1019.9396127883765,
    "filename": "image_20.png",
    "fps": 0.6525525353732415,
    "rec_scores": [
        0.9705207347869873,
        0.9442761540412903,
        0.33054617047309875,
        0.9976972341537476,
        0.9993079900741577,
        0.9970941543579102,
        0.9789692163467407,
        0.9986803531646729,
        0.9332608580589294,
        0.9156694412231445,
        0.869403600692749,
        0.9188924431800842,
        0.977201521396637,
        0.9719568490982056,
        0.9977256059646606,
        0.998920738697052,
        0.956962525844574,
        0.9983129501342773,
        0.9675188660621643,
        0.954022228717804,
        0.9774971008300781
    ],
    "rec_texts": [
        "习近平新时代中国特色社会主义思想",
        "及其历史地位",
        "全",
        "历史的长河奔流不息，思想的波涛卷起巨澜。在人类社会发展的浩瀚",
        "历史中，先进的思想总是与非凡的事业彼此辉映，科学的理论总是与伟大",
        "的实践相互激荡。党的十八大以来，以习近平同志为核心的党中央擘画了",
        "民族复兴的宏伟蓝图。“新时代”是坐标，“新思想”是灵魂，“强起来”",
        "是底色。让我们通过本章的学习共同感悟习近平新时代中国特色社会主义",
        "思想从何而来，“新”在何处，伟力何在。",
        "习近平新时代中国特社会主义思想",
        "创立的社会历史条件",
        "中国特色社会主义进入新时代人",
        "经过长期努力，中国特色社会主义进入了新时代，这是我国发展新的",
        "历史方位。党的十九大作出的这一重大政治论断，赋予党的历史使命、理",
        "论遵循、目标任务以新的时代内涵，为我们深刻把握当代中国发展的新阶",
        "段新特征，科学制定党的路线方针政策提供了时代坐标和基本依据。",
        "中国特色社会主义进人新时代是改革开放以来特别是党的十八大以来",
        "我国取得的历史性成就和发生的历史性变革的必然结果。以习近平同志为",
        "核心的党中央以巨大的政治勇气和强烈的责任担当，提出一系列新理念新",
        "思想新战略，出台一系列重大方针政策，推出一系列重大举措，推进一系",
        "列重大工作，解决了许多长期想解决而没有解决的难题，办成了许多过去"
    ],
    "runs": 3,
    "total_chars": 1563
}