{
    "avg_inference_ms": 835.9316666666667,
    "chars_per_second": 1324.2709232612713,
    "filename": "image_7.png",
    "fps": 1.1962700300463156,
    "rec_scores": [
        0.986380934715271,
        0.9534657597541809,
        0.948834240436554,
        0.9624519944190979,
        0.9900925755500793,
        0.9534582495689392,
        0.8371402621269226,
        0.4255578815937042,
        0.759178876876831,
        0.8903795480728149,
        0.816750168800354,
        0.8263041377067566,
        0.9210633039474487,
        0.9545901417732239,
        0.7704737782478333,
        0.4572105407714844,
        0.9650840163230896,
        0.7920235395431519,
        0.6523413062095642
    ],
    "rec_texts": [
        "十、阅读下面的一段话，完成段后的习题。",
        "你一小时能走多远？6公里？4公里？还是4米？“4米？”你",
        "也许会说，“那太慢了，简直像蜗牛一样！”你说得不错，有一种在地",
        "上生活的蜗牛一小时只能走大约4米，跟人比起来，这真是够慢的。",
        "但人要是背着房子走，也许就不会这么想了。而蜗牛恰恰是背着“房",
        "子”爬行的。它的“房子”就是贴在它背部中央的那只壳",
        "1.蜗牛爬行有两个特(1)蜗爬行的速度慢",
        "1",
        "(2)蜗提背着房子爬行的",
        "。（2分）",
        "2.这段话用列数字、举例子人比方法说明蜗牛爬行的速度慢，",
        "用作比较的说明方法说明蜗牛背着壳爬行。（1分)",
        "3.文中”的词“只”“大约”去掉后，句子也是完整的，可",
        "以去掉吗？为什么？(3分)",
        "容：不能去掉，突出不了说明文的准确处性，学性.严谨性",
        "说明爬行度慢",
        "4.这段话开头连用五个问句，这样开头有何妙处？(2分)",
        "答：这运用了反问。为了增强语气，强调了蜗牛把行漫。",
        "引起读者思考注意，引出下文"
    ],
    "runs": 3,
    "total_chars": 1107
}