{
    "avg_inference_ms": 982.1749999999998,
    "chars_per_second": 132.3593046045766,
    "filename": "image_13.png",
    "fps": 1.0181484969582815,
    "rec_scores": [
        0.998960018157959,
        0.6417983174324036,
        0.6891438961029053,
        0.5128549337387085,
        0.7858802080154419,
        0.8526918888092041,
        0.9990447163581848,
        0.7775830030441284
    ],
    "rec_texts": [
        "每天都在练字",
        "但没好",
        "更的是一种怀",
        "希望在笔c",
        "能找回己",
        "在这浮躁匆忙的子里",
        "让心安静下来",
        "享受刻清澈"
    ],
    "runs": 3,
    "total_chars": 130
}