{
    "avg_inference_ms": 546.237,
    "chars_per_second": 477.81457499217373,
    "filename": "image_17.png",
    "fps": 1.8307071838780604,
    "rec_scores": [
        0.9745510816574097,
        0.9912656545639038,
        0.8500775098800659,
        0.9146701693534851,
        0.9710332155227661,
        0.9113661646842957,
        0.9585460424423218,
        0.8975043892860413,
        0.9220353960990906,
        0.8248080611228943,
        0.9639009833335876
    ],
    "rec_texts": [
        "晓出净慈寺送林子方",
        "宋杨万里",
        "毕竟西湖六月中，",
        "风光不与四时同。",
        "接天莲叶无穷碧，",
        "映日荷花别样红。",
        "四时田园杂兴宋范成大",
        "昼出耘田夜绩麻，",
        "村庄儿女各当家。",
        "童孙未解供耕织，",
        "也傍桑阴学种瓜。"
    ],
    "runs": 3,
    "total_chars": 261
}