{
    "avg_inference_ms": 1930.396,
    "chars_per_second": 1194.573548639761,
    "filename": "image_9.png",
    "fps": 0.5180284252557507,
    "rec_scores": [
        0.9921040534973145,
        0.5863462090492249,
        0.9743844270706177,
        0.9931117296218872,
        0.9997354745864868,
        0.9969292879104614,
        0.9997032284736633,
        0.9986518025398254,
        0.97379070520401,
        0.9990588426589966,
        0.9995970726013184,
        0.9267886877059937,
        0.99891197681427,
        0.9966525435447693,
        0.9973089098930359,
        0.9983237981796265,
        0.9917822480201721,
        0.9676088690757751,
        0.9721965193748474,
        0.9952262043952942,
        0.9981195330619812,
        0.9990904331207275,
        0.9758350849151611,
        0.9780454039573669,
        0.9910072088241577,
        0.9938148856163025,
        0.9960273504257202,
        0.9920060038566589,
        0.9984226226806641,
        0.9441466927528381
    ],
    "rec_texts": [
        "21世纪教育",
        "www.zcnov.com",
        "中小学教育资源及组卷应用平台",
        "广安市2024年初中学业水平考试试题",
        "注意事项：",
        "1.本试卷分为试题卷（1-8页）和答题卡两部分。考试时间120分钟，满分120分。",
        "2.考生答题前，请先将姓名、准考证号等信息用黑色墨迹签字笔填写在答题卡上的指定",
        "位置，待监考老师粘贴条形码后，认真核对条形码上的姓名、准考证号与自己的准考证",
        "上的信息是否一致。",
        "3.请将选择题答案用2B铅笔填涂在答题卡上相应的位置，非选择题答案用0.5毫米黑",
        "色墨迹签字笔答在答题卡上的相应位置。超出答题区域书写的答案无效，在草稿纸、试",
        "题卷上答题无效。",
        "4.考试结束，监考人员必须将参考学生和缺考学生的答题卡、试题卷一并收回。",
        "一、积累与运用（33分）",
        "（一）选择题（1-6题，每小题2分，共12分）",
        "1.下列情境中，加点字的字音和字形完全正确的一项是（）",
        "端午刚过，夏至将至。初夏之校园①静谧（mi）悠然，万物并秀。我们如百卉之初绽，精神焕发，",
        "踌躇满志，踏入考场，迎接挑战；我们如朝阳之喷薄，胸有成竹，浏览试卷，仔细②斟灼（zhēngzuó），",
        "③酝酿（liàng）答案；我们如泰山之沉稳，心无④旁鹜（wù），完成试卷，精益求精，书写灿烂。",
        "我们将以优异的成绩，去拥抱更美好的明天！",
        "2.下列情境中，加点成语使用不恰当的一项是（）",
        "新时代，新征程，新使命，新业绩。广安市文旅事业蓬勃发展，取得了令人瞩目的成绩：华山",
        "青峰绵延，奇石嶙峋，登临绝顶，令人①心旷神怡；天意谷洞中天河，悬泉飞瀑，②巧夺天工，令人",
        "③叹为观止；小平故里兰白菊黄，松青柏翠，静穆庄严，令人肃然起敬……中外游客④络绎不绝，广",
        "安人民倍感骄傲和自豪！",
        "3.下列语境中，没有语病的一项是（）",
        "①学生安全是否得到保障，关键在于思想认识到位。②严禁不要忽视学校的各项安全制度。③只",
        "有遵守各项安全制度，就能更好地成长。④安全无小事，责任重于泰山。",
        "4.下列情境中，标点符号使用规范的一项是（）",
        "21世纪教育网(www.21cnjy.com）"
    ],
    "runs": 3,
    "total_chars": 2306
}