{
    "avg_inference_ms": 905.038,
    "chars_per_second": 14.36403775311092,
    "filename": "image_5.png",
    "fps": 1.1049259810085321,
    "rec_scores": [
        0.997032880783081,
        0.7075979113578796
    ],
    "rec_texts": [
        "君缘2018",
        "TEL"
    ],
    "runs": 3,
    "total_chars": 13
}