{
    "avg_inference_ms": 2118.952333333333,
    "chars_per_second": 1098.1842127328018,
    "filename": "image_12.png",
    "fps": 0.47193133336175414,
    "rec_scores": [
        0.963706910610199,
        0.9278801083564758,
        0.946242094039917,
        0.9416512846946716,
        0.9077791571617126,
        0.4226524233818054,
        0.8750749230384827,
        0.9246441125869751,
        0.9290716648101807,
        0.9820423126220703,
        0.9448302984237671,
        0.6199976205825806,
        0.9963780045509338,
        0.8779535889625549,
        0.9713019728660583,
        0.9575766324996948,
        0.906943142414093,
        0.9823464155197144,
        0.9670079350471497,
        0.9510231018066406,
        0.9888728260993958,
        0.9837926030158997,
        0.9886194467544556,
        0.979120671749115,
        0.9961796998977661,
        0.9891376495361328,
        0.9871113300323486,
        0.984767496585846,
        0.9436904788017273,
        0.9411033987998962,
        0.950541615486145,
        0.9928799867630005,
        0.9972823858261108,
        0.9445451498031616,
        0.9836843013763428,
        0.9936474561691284,
        0.9793416261672974,
        0.9626178741455078,
        0.9874674677848816,
        0.9901525974273682,
        0.9587725400924683,
        0.9974146485328674,
        0.9987151026725769,
        0.9918792843818665,
        0.9577887058258057,
        0.9862760305404663,
        0.9883276224136353,
        0.999535083770752
    ],
    "rec_texts": [
        "南方日报社出版国内统一刊号：CN44-0001第24330号",
        "新闻报科·广告020—87360888",
        "发行服务热线：4008-921-921",
        "NANFANG DAILY",
        "1949年10月23日创刊",
        "11m1",
        "高度决定影响力",
        "广东改革开放40周年展览1978~2018",
        "(1978-2018)广东改革放40周年展览合影留念",
        "坚定不移走改革开放这条",
        "正确之路，a国之路，富民之路。",
        "tiuo",
        "改革开放，是我们党的历史上一次伟大觉醒，孕育了新时期从理论到实践的伟大创造。谨以此展献给改革开放40周年！",
        "深圳改革开放展览馆",
        "“大潮起珠江”改革开放主题展",
        "·广东濒临南海，毗邻港澳，华侨众多，自",
        "党的十八大开启了中国特色社会主义新时代",
        "大潮起珠江，历史选择了广东，广东无愧",
        "古就是我国对外经济和文化交流的重要窗",
        "，以习近平同志为核心的党中央继续高举改",
        "于历史。广东在改革开放大潮的洗礼中焕",
        "口。近代以来，广东人更是屡开风气之先",
        "革开放伟大旗帜，敏锐把握新时代社会主要",
        "发新生，从一个经济落后的边陲省份，一",
        "，走出了一大批引领变革图强的时代先驱",
        "矛盾变化对改革发展提出的新要求，以更大",
        "跃成为全国第一经济大省，以开放自信、",
        "。党的十一届三中全会的强劲东风，在南",
        "的政治勇气和智慧推进全面深化改革、扩大",
        "充满活力的崭新姿态走向世界、迈向现代",
        "海之滨掀起了思想解放的大潮。",
        "开放，完善和发展中国特色社会主义制度，",
        "推进国家治理体系和治理能力现代化。",
        "⚫ 面对“什么是社会主义、怎样建设社会主",
        "义”这一时代之问，拥有独特人缘地缘优",
        "本展览按历史进程分为“一、敢为人先勇",
        "势和“敢为人先”文化基因的广东，把握",
        "立潮头”、“二、增创优势砥砺前行”、",
        "历史脉搏，改革开放先行一步，率先创办",
        "“三、走在前列当好窗口”三个阶段，生",
        "特区，为探索社会主义中国“富起来”之",
        "动展现了波澜壮阔的改革开放历史。改革开",
        "路发挥排头兵、先行地、实验区作用。每",
        "放，是我们党的历史上一次伟大觉醒，正是",
        "当历史紧要关头，广东都会得到党中央的",
        "这个伟大觉醒，孕育了新时期从理论到实践",
        "亲切关怀和大力支持。",
        "的伟大创造。"
    ],
    "runs": 3,
    "total_chars": 2327
}