{
    "avg_inference_ms": 949.8103333333333,
    "chars_per_second": 108.4427031221321,
    "filename": "image_2.png",
    "fps": 1.0528417778847776,
    "rec_scores": [
        0.9714981913566589,
        0.4923006594181061,
        0.7571086287498474,
        0.694466233253479,
        0.326153427362442,
        0.39457669854164124
    ],
    "rec_texts": [
        "紫微小吃",
        "上海市“好",
        "马路不乱争，车辆不乱停：",
        "垃级不乱扔，龙不就邻：",
        "公不",
        "a"
    ],
    "runs": 3,
    "total_chars": 103
}