{
    "avg_inference_ms": 934.1576666666666,
    "chars_per_second": 38.53739179645977,
    "filename": "image_3.png",
    "fps": 1.070483105457216,
    "rec_scores": [
        0.9619295001029968,
        0.4366663694381714,
        0.5659010410308838,
        0.6963374018669128,
        0.9705888032913208
    ],
    "rec_texts": [
        "为违法",
        "店",
        "T&CHOUS",
        "13931",
        "南塘浜路"
    ],
    "runs": 3,
    "total_chars": 36
}