{
    "avg_inference_ms": 1637.673,
    "chars_per_second": 1295.1303465343815,
    "filename": "image_19.png",
    "fps": 0.6106225113316273,
    "rec_scores": [
        0.964886486530304,
        0.9545794129371643,
        0.9639081358909607,
        0.9079172015190125,
        0.9835042357444763,
        0.9975730776786804,
        0.967205286026001,
        0.9940121173858643,
        0.9906882643699646,
        0.9816985726356506,
        0.9798038005828857,
        0.9791804552078247,
        0.9858843684196472,
        0.9467739462852478,
        0.9897975325584412,
        0.9839978218078613,
        0.9975228905677795,
        0.9978253841400146,
        0.9980685114860535,
        0.976965606212616,
        0.9655508399009705,
        0.9939190745353699,
        0.9936772584915161,
        0.9712615609169006
    ],
    "rec_texts": [
        "第三章社会主义改造理论",
        "化道路。毛泽东指出，“资本主义道路，也可增产，但时间要长，而且是",
        "痛苦的道路。我们不搞资本主义，这是定了的”①。近代以来的历史证明，",
        "中国社会经济状况不允许资本主义道路，如果搞资本主义只能成为帝国",
        "主义的附庸。而当时的时代条件和国际环境的新特点又促使中国人民选择",
        "走社会主义道路，中国命的领导量也决定了中国必然走社会主义道",
        "路。因此，在20世纪50年代中期实现国家工业化道路的选择上，中国不",
        "可能选择资本主义道路，而只能是选择社会主义道路。为了实现社会主义",
        "工业化，必须在充分利用原有工业潜力和进行新的工业建设的同时，对个",
        "体经济和私营资本主义工商业进行社会主义改造。",
        "党在过渡时期总路线的主要内容被概括为“一化三改”。“一化”即社",
        "会主义工业化，“三改”即对个体农业、手工业和资本主义工商业的社会",
        "主义改造。它们之间相互联系，不可分离，可以比喻为鸟的“主体”和",
        "“两翼”。其中，“一化”是“主体”，“三改”是“两翼”，两者相辅相成、",
        "相互促进。这是一条社会主义建设和社会主义改造同时并举的路线，体现",
        "了社会主义工业化和社会主义改造的紧密结合，体现了解放生产力与发展",
        "生产力、变革生产关系与发展生产力的有机统一。",
        "2.党在过渡时期的总路线的理论依据",
        "马克思、恩格斯在创立科学社会主义理论时，就提出了从资本主义社",
        "会向社会主义社会过渡的问题。他们在《共产党宣言》中指出：“工人革",
        "命的第一步就是使无产阶级上升为统治阶级，争得民主。”“无产阶级将利",
        "用自己的政治统治，一步一步地夺取资产阶级的全部资本，把一切生产工",
        "具集中在国家即组织成为统治阶级的无产阶级手里，并且尽可能快地增加",
        "生产力的总量。”②他们认为，从资本主义社会到社会主义社会，需要经历"
    ],
    "runs": 3,
    "total_chars": 2121
}