{
    "avg_inference_ms": 961.6383333333333,
    "chars_per_second": 145.5848785839444,
    "filename": "image_16.png",
    "fps": 1.0398919898853172,
    "rec_scores": [
        0.984196662902832,
        0.9172346591949463,
        0.9846026301383972,
        0.6593093276023865,
        0.9866543412208557,
        0.9527245759963989,
        0.9959341287612915
    ],
    "rec_texts": [
        "我和谁都不争，",
        "和谁争我都不屑;",
        "我爱大自然，",
        "其次就是艺术;",
        "我双手烤着，",
        "生命之火取暖；",
        "我也准备走了。"
    ],
    "runs": 3,
    "total_chars": 140
}