{
    "avg_inference_ms": 3205.783333333333,
    "chars_per_second": 1426.796362823439,
    "filename": "image_15.png",
    "fps": 0.3119362402324965,
    "rec_scores": [
        0.7085334062576294,
        0.9337573647499084,
        0.797771155834198,
        0.9814416766166687,
        0.9777887463569641,
        0.9534539580345154,
        0.9723407626152039,
        0.9826689958572388,
        0.8927156329154968,
        0.9715713262557983,
        0.9761186838150024,
        0.9685084819793701,
        0.9726091623306274,
        0.9614580869674683,
        0.990010142326355,
        0.9785814881324768,
        0.9334551095962524,
        0.9521036744117737,
        0.9658123850822449,
        0.9794642925262451,
        0.9494637250900269,
        0.9745213389396667,
        0.9327724575996399,
        0.9739319086074829,
        0.9791381359100342,
        0.9793144464492798,
        0.9771873950958252,
        0.9311556220054626,
        0.9874252080917358,
        0.9656916856765747,
        0.8640351891517639,
        0.9904525279998779,
        0.9631129503250122,
        0.9008212685585022,
        0.9454907178878784,
        0.9627550840377808,
        0.9734182953834534,
        0.9368986487388611,
        0.9752150177955627,
        0.9834102392196655,
        0.9385955333709717,
        0.9682559967041016,
        0.9688067436218262,
        0.9730019569396973,
        0.983680009841919,
        0.9910929799079895,
        0.9244542121887207,
        0.9652414917945862,
        0.9819275736808777,
        0.9758686423301697,
        0.9771725535392761,
        0.9693716764450073,
        0.957512617111206,
        0.9788367748260498,
        0.9758598208427429,
        0.9782662391662598,
        0.979759931564331,
        0.9555193781852722,
        0.9670478701591492,
        0.9768542051315308,
        0.90346759557724,
        0.9886988401412964,
        0.9555580615997314,
        0.9769666790962219,
        0.965705394744873,
        0.8882144093513489,
        0.9635783433914185,
        0.9638989567756653,
        0.9563338756561279,
        0.9506961107254028,
        0.9469597339630127,
        0.990791916847229,
        0.9575621485710144,
        0.975408673286438,
        0.9756547808647156,
        0.9780218005180359,
        0.8791636824607849,
        0.9750083684921265,
        0.9730978012084961,
        0.9995326399803162
    ],
    "rec_texts": [
        "把民族兴伟业断向前进",
        "《南方》杂志编辑部",
        "本文责编/蒋玉",
        "9月3日，纪念中国人民抗日战争暨世界反法",
        "精气神。从“枪杆子里面出政权”到“农村包围",
        "西斯战争胜利80周年大会在北京天安门广场隆重",
        "城市”，党和人民的胜利是在马克思主义和中",
        "举行，习近平总书记出席大会并发表重要讲话强",
        "国革命实际的一次次结合与创新中不断开辟道",
        "调，新时代新征程，全国各族人民要在中国共产",
        "路的。在抗日战争中，党既有团结带领人民进",
        "党坚强领导下，传承和弘扬伟大抗战精神，为以",
        "行艰苦卓绝斗争的勇气，也有创造性运用持久",
        "中国式现代化全面推进强国建设、民族复兴伟业",
        "战、山地游击战打击侵略者的创新。改革开放",
        "而团结奋斗！",
        "初期，我们靠“摸着石头过河”间出一片新天",
        "实现中华民族伟大复兴是近代以来中国人民",
        "地，彰显出“敢为人先”的精气神在开新局、",
        "最伟大的梦想。中国共产党自成立之日起，就义",
        "谋新篇中的关键作用。",
        "无反顾肩负起这一历史使命。在抗日战争中，面",
        "当今世界面临百年未有之大变局，需要“敢",
        "对生死存亡的民族危机，中国共产党挺身而出，",
        "为人先”的地方不是少了，而是更多了。要把创",
        "高举抗日民族统一战线的伟大旗帜，以中流砥柱",
        "新作为引领发展的第一动力，面对新矛盾、新挑",
        "之姿引领全民族抗战的洪流，带领中国人民取得",
        "战，坚决破除一切体制机制障碍，在科技自立自",
        "了近代以来反抗外敌入侵的首次完全胜利，迎来",
        "强、发展新质生产力等关键领域敢打敢拼、敢间",
        "中华民族走向复兴的历史新起点。",
        "新路，以科技自立自强进一步夯实民族复兴坚实",
        "走过峥嵘岁月，历经风雨洗礼，今天我们可",
        "以自豪地宣告：中华民族伟大复兴势不可挡！但",
        "前进的道路上，需要厚植“江山就是人民”",
        "是，前进的道路不会是坦途，我们仍必须准备经",
        "的为民情怀。抗日战争的胜利归根到底是人民的",
        "受风高浪急甚至惊涛骇浪的重大考验。前进的道",
        "胜利，正是因为我们党始终与人民心心相印、同",
        "路上，必须深入学习领会习近平总书记重要讲话",
        "甘共苦，才能动员起人民战争的磅礴伟力。抗日",
        "精神，以更加奋发有为的姿态投身中国式现代化",
        "战争的胜利让我们明白：人民，只有人民，才是",
        "建设伟大实践，把民族复兴伟业不断推向前进。",
        "创造世界历史的动力。今天，我们同样应该说：",
        "前进的道路上，需要做好“越是艰险越向前”",
        "人民，只有人民，才是民族复兴伟业最广泛、最",
        "的斗争准备。面对武装到牙齿的侵略者，面对前",
        "可靠的力量源泉。",
        "进路上的艰难险阻，我们党始终敢于向困难叫",
        "全心全意为人民服务，是中国共产党的根本",
        "板，勇于向挑战“亮剑”，带领中国人民跨过一",
        "宗旨。始终坚持人民立场，把人民放在心中最高",
        "道又一道坎，取得一个又一个胜利，推动民族复兴",
        "位置，这是中华民族伟大复兴的价值所在。要自",
        "曙光在前。这是刻在中国共产党人血脉里的精神",
        "觉践行好新时代党的群众路线，推动各项政策举",
        "基因，是百年奋斗历程中淬炼出的宝贵品格。",
        "措更加符合民意、贴近民心。要始终与人民想在",
        "前事不忘，后事之师。越是临近民族复兴的",
        "一起、干在一起，不断实现好、维护好、发展好",
        "关键节点，越是需要高扬“越是艰险越向前”的",
        "最广大人民根本利益，着力解决人民群众急难愁",
        "斗争精神。要激扬狭路相逢勇者胜的胆识魄力。",
        "盼问题，谱写人民至上的新篇章。",
        "锤炼“踏平坎坷成大道”的斗争本领，在矛盾冲",
        "历史的车轮滚滚向前，时代的回响犹在耳",
        "突面前敢于迎难而上，在危机困难面前敢于挺身",
        "畔。让我们紧密团结在以习近平同志为核心的党",
        "而出，以“逢山开路、遇水架桥”的闯劲和“踏",
        "中央周围，从伟大抗战精神中汲取无惧风浪、",
        "石留印、抓铁有痕”的干劲，把斗争精神融入履",
        "砥砺前行的深厚底气，凝聚“万众一心加油",
        "职尽责的全过程，不断展现出中国式现代化光明",
        "干”的奋进力量，以“功成不必在我，功成必",
        "灿烂的前景。",
        "定有我”的历史担当，不断把民族复兴伟业推",
        "前进的道路上，需要发扬“敢为人先”的",
        "向前进。"
    ],
    "runs": 3,
    "total_chars": 4574
}