{
    "avg_inference_ms": 946.8013333333333,
    "chars_per_second": 126.7425338085709,
    "filename": "image_4.png",
    "fps": 1.0561877817380907,
    "rec_scores": [
        0.8889158964157104,
        0.9960356950759888,
        0.4626905024051666,
        0.6168256402015686,
        0.7724241614341736,
        0.4435643255710602
    ],
    "rec_texts": [
        "监控报警器",
        "保家为民",
        "Baojieiin",
        "保家为民电安防器材",
        "电话：0757-88322533 166371688",
        "厂bl家直销c第2分店"
    ],
    "runs": 3,
    "total_chars": 120
}